N,stage,prime_filter_p,newly_removed_total,newly_removed_composites,protected_prime_temporarily_removed,remaining_composites
30,1,2,15,14,1,5
30,2,3,5,4,1,1
30,3,5,2,1,1,0
210,1,2,105,104,1,59
210,2,3,35,34,1,25
210,3,5,14,13,1,12
210,4,7,8,7,1,5
210,5,11,5,4,1,1
210,6,13,2,1,1,0
2310,1,2,1155,1154,1,812
2310,2,3,385,384,1,428
2310,3,5,154,153,1,275
2310,4,7,88,87,1,188
2310,5,11,48,47,1,141
2310,6,13,37,36,1,105
2310,7,17,27,26,1,79
2310,8,19,24,23,1,56
2310,9,23,18,17,1,39
2310,10,29,14,13,1,26
2310,11,31,12,11,1,15
2310,12,37,8,7,1,8
2310,13,41,5,4,1,4
2310,14,43,4,3,1,1
2310,15,47,2,1,1,0
