N,noise_kind,noise_level,relative_l2_error_mean,fourier_power_correlation_mean,mean_composite_leakage_mean,contrast_db_mean,prime_power_p05_mean,prime_power_cv_mean,precision_mean,recall_mean,f1_mean,relative_l2_error_q05,fourier_power_correlation_q05,mean_composite_leakage_q05,contrast_db_q05,prime_power_p05_q05,prime_power_cv_q05,precision_q05,recall_q05,f1_q05,relative_l2_error_q95,fourier_power_correlation_q95,mean_composite_leakage_q95,contrast_db_q95,prime_power_p05_q95,prime_power_cv_q95,precision_q95,recall_q95,f1_q95
30,coefficient_phase,0.0,3.91131814649569e-15,0.9999999999999996,2.952906988599933e-30,295.29750232335283,0.9999999999999958,2.300868581890681e-15,1.0,1.0,1.0,3.91131814649569e-15,0.9999999999999997,2.9529069885999333e-30,295.29750232335283,0.9999999999999958,2.300868581890681e-15,1.0,1.0,1.0,3.91131814649569e-15,0.9999999999999997,2.9529069885999333e-30,295.29750232335283,0.9999999999999958,2.300868581890681e-15,1.0,1.0,1.0
30,coefficient_phase,0.0001,0.00012783058915740586,0.9999999938616908,5.123019039375557e-09,84.22576528160417,0.9998491029126861,0.00011282098187110796,1.0,1.0,1.0,8.172950904309769e-05,0.9999999824251359,9.260972220026519e-10,78.49239302473093,0.9997306428467374,5.0297955348688454e-05,1.0,1.0,1.0,0.000189242801602857,0.9999999986332958,1.4150175165776556e-08,90.33346188261645,0.9999377207740312,0.0001920749249240947,1.0,1.0,1.0
30,coefficient_phase,0.0003,0.0003753017776748268,0.9999999489276686,4.16513044729747e-08,75.01954246031515,0.9995253858672019,0.0003543112990626988,1.0,1.0,1.0,0.00024695845764962114,0.9999998644938153,7.998828501562757e-09,69.68241187083133,0.999149381745841,0.00017308374535070188,1.0,1.0,1.0,0.0005338671298032336,0.999999989597439,1.0758834774075199e-07,80.96974357143768,0.9998041781353523,0.000615421721696224,1.0,1.0,1.0
30,coefficient_phase,0.001,0.0012670840198849205,0.9999994015377581,5.095896464565781e-07,64.16324856092272,0.9985008200797821,0.0011408714582376786,1.0,1.0,1.0,0.000849771027796831,0.9999983312332688,1.0387990390533708e-07,58.85072759856147,0.9973885954028344,0.0004978677136846832,1.0,1.0,1.0,0.0017687026298658253,0.999999872465433,1.3029489587785236e-06,69.83468463029367,0.9993422117412004,0.0019117854912165673,1.0,1.0,1.0
30,coefficient_phase,0.003,0.003695372710092931,0.9999949229113395,4.1787133335843285e-06,54.95512887583937,0.9954311131618274,0.0034103372267897075,1.0,1.0,1.0,0.002425099341264928,0.9999862828975452,7.892193681250582e-07,49.81426770906533,0.9921614370708648,0.0015651285637583812,1.0,1.0,1.0,0.005291320720678352,0.9999988932142817,1.0436990099257773e-05,61.0280427759432,0.9979436427233084,0.0056761227727632774,1.0,1.0,1.0
30,coefficient_phase,0.01,0.01257541098556177,0.999940656425427,5.0672252778484835e-05,44.250657148297044,0.9850961448893909,0.01108446899617121,1.0,1.0,1.0,0.007687705883724669,0.9998352083355482,8.704010141839659e-06,39.22069495248893,0.9740350846230295,0.005011873539144037,1.0,1.0,1.0,0.01814923080089238,0.9999898846534343,0.00011965776135865236,50.60280775515762,0.994077880718935,0.018475075422952233,1.0,1.0,1.0
30,coefficient_phase,0.03,0.03760162031571462,0.9994538091963239,0.00043072103867010354,34.873442178002804,0.9540925627741588,0.03435107864057251,1.0,1.0,1.0,0.025030504381786636,0.9984405489546471,8.450246838180167e-05,29.608113135637975,0.9222489362991174,0.01550249327682081,1.0,1.0,1.0,0.05333024315358699,0.9999034155122514,0.0010944317601574113,40.73130605388631,0.9808100649691289,0.05633304483235659,1.0,1.0,1.0
30,coefficient_phase,0.1,0.12442960208300459,0.9939007511829567,0.005043113962543719,24.37226825862012,0.8548529659470584,0.11379254335838575,1.0,1.0,1.0,0.07802477975400054,0.9822940498745579,0.0009436455408926756,18.60664407865517,0.7551695801018282,0.052096984800026724,1.0,1.0,1.0,0.17806545778482968,0.998816528122828,0.013782752445931778,30.251939601474387,0.9368838433405257,0.18273239911003678,1.0,1.0,1.0
30,coefficient_phase,0.3,0.36906084895000985,0.9448989100622639,0.05075123972365102,14.163157556335914,0.6208574145325834,0.3336431992948543,0.9941079439351498,0.94525,0.9643330237587203,0.2341042150363418,0.8164313909153587,0.008958671288642346,9.155517003310344,0.3427956919997705,0.13642582000395906,1.0,0.7,0.8235294117647058,0.5193651016100064,0.991096347880746,0.12146444355631189,20.47758534120959,0.8387035793375421,0.5975592727425503,1.0,1.0,1.0
30,delay_fraction,0.0,3.91131814649569e-15,0.9999999999999996,2.952906988599933e-30,295.29750232335283,0.9999999999999958,2.300868581890681e-15,1.0,1.0,1.0,3.91131814649569e-15,0.9999999999999997,2.9529069885999333e-30,295.29750232335283,0.9999999999999958,2.300868581890681e-15,1.0,1.0,1.0,3.91131814649569e-15,0.9999999999999997,2.9529069885999333e-30,295.29750232335283,0.9999999999999958,2.300868581890681e-15,1.0,1.0,1.0
30,delay_fraction,1e-08,4.3257291443112674e-07,0.9999999999999473,5.530604674084054e-14,134.62032660101895,0.9999993438995706,4.540870673781994e-07,1.0,1.0,1.0,2.0349504697113444e-07,0.9999999999998284,4.803073126999868e-15,127.80139426463393,0.9999986816724438,1.6888634482947472e-07,1.0,1.0,1.0,7.282049529320523e-07,0.9999999999999937,1.6590633075803703e-13,143.18481304388197,0.9999997734541899,8.483672298258287e-07,1.0,1.0,1.0
30,delay_fraction,3e-08,1.312799746997202e-06,0.9999999999995349,5.021855916784459e-13,124.99493162315046,0.9999979938039385,1.4090129523452402e-06,1.0,1.0,1.0,6.200133641845075e-07,0.9999999999984941,4.1871708132211173e-14,118.18487812283271,0.999995903707817,4.5779613950785904e-07,1.0,1.0,1.0,2.2197149397256334e-06,0.9999999999999476,1.5188420926752537e-12,133.78114712059528,0.9999993964711262,2.7526210573046335e-06,1.0,1.0,1.0
30,delay_fraction,1e-07,4.272027847093772e-06,0.9999999999948602,5.315120501352566e-12,114.53817146962675,0.9999935793674963,4.462199021576479e-06,1.0,1.0,1.0,2.220752846004644e-06,0.9999999999832209,6.702735659755824e-13,108.24305354650986,0.9999879430574206,1.5284986467519641e-06,1.0,1.0,1.0,7.09656955533121e-06,0.9999999999993998,1.4986489026122487e-11,121.73752913626129,0.9999979061377162,7.702354364892258e-06,1.0,1.0,1.0
30,delay_fraction,3e-07,1.3014693758349082e-05,0.9999999999536748,4.89057585455229e-11,104.88578151372148,0.9999795160375932,1.3959230490355426e-05,1.0,1.0,1.0,6.1171831579751215e-06,0.999999999857648,5.661576343648416e-12,98.53795274244442,0.999957778166929,4.678257988907456e-06,1.0,1.0,1.0,2.182090313967669e-05,0.99999999999414,1.4002696466927942e-10,112.47070848002673,0.9999938446488601,2.7246243482877997e-05,1.0,1.0,1.0
30,delay_fraction,1e-06,4.450808561841407e-05,0.9999999994860366,5.589538020085532e-10,94.27619507040187,0.9999289037106253,4.8995920654130813e-05,1.0,1.0,1.0,2.220001214817228e-05,0.999999998409386,6.568410056829853e-11,88.35280681990102,0.9998612836957002,1.7710697457447616e-05,1.0,1.0,1.0,7.148204025692266e-05,0.9999999999318355,1.461233592745865e-09,101.82549010929519,0.9999737165816347,9.057048506499985e-05,1.0,1.0,1.0
30,delay_fraction,3e-06,0.00013272794840126797,0.9999999950296155,5.300774898285834e-09,84.48264640770927,0.9998050492965659,0.00013457665586076432,1.0,1.0,1.0,6.858010095058856e-05,0.999999985587775,5.83513131675745e-10,78.34364019334906,0.999625133699182,4.5958466599545496e-05,1.0,1.0,1.0,0.0002137144403820763,0.9999999993231018,1.4643314276870045e-08,92.33954345289584,0.999938118891364,0.00024376258604451873,1.0,1.0,1.0
30,delay_fraction,1e-05,0.000425672722260873,0.9999999525211197,5.115667660136584e-08,74.75845453293132,0.9993339676969444,0.00046405542890230603,1.0,1.0,1.0,0.00021320745852301378,0.9999998676671165,5.351767613076729e-09,68.64024877083438,0.9986757061169722,0.00016565270138732882,1.0,1.0,1.0,0.0006957383630651558,0.9999999936515875,1.3676620292267507e-07,82.71507575774213,0.9997774643730528,0.0008385983249269508,1.0,1.0,1.0
30,delay_fraction,3e-05,0.0013008307816932735,0.9999995678437074,4.7175587389091184e-07,65.00342756773156,0.9979105048338484,0.001441173924561637,1.0,1.0,1.0,0.0006690990744811451,0.9999987143951868,6.104737360246982e-08,58.98636454849803,0.9958946771866879,0.0004947309444231676,1.0,1.0,1.0,0.0021305859857969575,0.9999999347189891,1.262907196630482e-06,72.14345145063123,0.999353479147715,0.002650038341159634,1.0,1.0,1.0
30,delay_fraction,0.0001,0.004340847802176749,0.9999950986996606,5.3980374568008825e-06,54.70902371123936,0.9932580655299984,0.004597662497103282,1.0,1.0,1.0,0.002109851665444026,0.9999845664494836,4.498295787034503e-07,48.29262974497925,0.9861503329357276,0.0015727801118126366,1.0,1.0,1.0,0.007239327881426489,0.9999993310044771,1.4816207932109695e-05,63.46963944537368,0.9978776608576011,0.008981865091794078,1.0,1.0,1.0
30,delay_fraction,0.0003,0.013243547820096107,0.9999528126088528,5.1759579929761545e-05,44.75449032331597,0.9800435008017636,0.014026503223726235,1.0,1.0,1.0,0.00652266802190311,0.9998653143280325,5.6813144528784905e-06,38.558157058176576,0.9612252245684901,0.00465556418532561,1.0,1.0,1.0,0.021991639175558533,0.9999946185078713,0.00013937483865431648,52.458736672422,0.9935565175171337,0.02674780273924935,1.0,1.0,1.0
30,delay_fraction,0.001,0.04375773793531435,0.9995070233337253,0.0005432018155732236,34.39205341783426,0.9322347607054148,0.047097657762045844,1.0,1.0,1.0,0.022509042381501337,0.9984677239830085,6.237307849554308e-05,28.39363604354218,0.8711566640226766,0.01879364418050417,1.0,1.0,1.0,0.0717519738778304,0.999933928712354,0.0014475890183555094,42.050100694801756,0.976937428246169,0.08512970157505821,1.0,1.0,1.0
210,coefficient_phase,0.0,3.843085341463371e-14,0.9999999999999999,1.8588316940783548e-28,277.3075993117596,0.9999999999999531,2.3771513642500624e-14,1.0,1.0,1.0,3.84308534146337e-14,0.9999999999999999,1.8588316940783548e-28,277.3075993117596,0.9999999999999531,2.3771513642500624e-14,1.0,1.0,1.0,3.84308534146337e-14,0.9999999999999999,1.8588316940783548e-28,277.3075993117596,0.9999999999999531,2.3771513642500624e-14,1.0,1.0,1.0
210,coefficient_phase,0.0001,0.00015310811413480003,0.9999999912710298,3.539232248150675e-09,85.67976210290708,0.999773613552812,0.00014461417730699569,1.0,1.0,1.0,0.00011478281417459053,0.999999972678363,6.831678013372837e-10,80.86378668580254,0.999664301014216,0.00010562397802727812,1.0,1.0,1.0,0.00021320080162639987,0.9999999984815552,8.196382192852945e-09,91.65480460895783,0.9998446348277952,0.00020570696231428408,1.0,1.0,1.0
210,coefficient_phase,0.0003,0.0004583369975817884,0.9999999246190882,3.142214282718052e-08,76.07841235122446,0.9992831178029384,0.00045489379632186413,1.0,1.0,1.0,0.00033352600473235107,0.9999997877145963,8.345391576979746e-09,70.915384729853,0.9989400262058412,0.00032117297560003695,1.0,1.0,1.0,0.0006341581473651096,0.9999999871801343,8.099562042554024e-08,80.78553858958794,0.9995292329271508,0.0006344954630005108,1.0,1.0,1.0
210,coefficient_phase,0.001,0.0015538272719718576,0.9999991076100521,3.7224871026766415e-07,65.29620476665357,0.9976864127241879,0.0014984465555816545,1.0,1.0,1.0,0.0011310890211713143,0.9999967459876123,8.12158028119552e-08,60.71276399107013,0.9965337994056739,0.0009989557765582155,1.0,1.0,1.0,0.0021125264832483584,0.9999998562212514,8.486436661391469e-07,70.90476043979396,0.9984429625534758,0.0020895347810837564,1.0,1.0,1.0
210,coefficient_phase,0.003,0.004591420402306755,0.9999919975883309,3.119279487949741e-06,56.035957347067104,0.992971453812011,0.004503122795269039,1.0,1.0,1.0,0.0032158600577454014,0.9999751863423646,8.37809180599731e-07,51.43297749130279,0.9895204735887256,0.0032068652814386664,1.0,1.0,1.0,0.006244226964664691,0.999998401918515,7.190203491816039e-06,60.76854971871906,0.9956218032187388,0.006720127977399794,1.0,1.0,1.0
210,coefficient_phase,0.01,0.015037701124145373,0.9999260634644702,3.369835674765793e-05,45.79803389103059,0.9771122012954174,0.014716058276108739,1.0,1.0,1.0,0.011182331709606032,0.9998035808743891,8.419487328861603e-06,40.67106812474232,0.9654214507746,0.00971435672103789,1.0,1.0,1.0,0.020763223449157327,0.9999872000605918,8.568316994438998e-05,50.74724788982891,0.9859309843045845,0.02027660584626859,1.0,1.0,1.0
210,coefficient_phase,0.03,0.04494550270319614,0.999257547020721,0.0003029142981620845,36.39580489422254,0.9316611993269218,0.04499719019915597,1.0,1.0,1.0,0.031602308536796776,0.9974992542715514,5.786097477704833e-05,31.453340081814883,0.9052817722874822,0.0318955915986652,1.0,1.0,1.0,0.0610437436688112,0.9998819734730915,0.0007157062768478145,42.37614557692388,0.95590117403451,0.061831819600306294,1.0,1.0,1.0
210,coefficient_phase,0.1,0.15194455869535708,0.9913989902885676,0.003479340954024093,25.631077599379147,0.7794597371269505,0.1546815968657736,1.0,1.0,1.0,0.10747267892379374,0.9763483203988798,0.0008167343401087813,21.153016665001797,0.6872038759153568,0.1011492436642541,1.0,1.0,1.0,0.20210445405133634,0.9987243783471111,0.007669025999775985,30.879199106990512,0.8580072298211847,0.21918747543913952,1.0,1.0,1.0
210,coefficient_phase,0.3,0.432105226986088,0.9388958903749909,0.033612454484815334,15.75974110001854,0.4550856823046358,0.46102724853005467,0.9890477984488162,0.8897826086956522,0.9341391876221425,0.3321167677261876,0.8488789272823504,0.008282114778142658,10.850588377789123,0.28772597970324515,0.3180201560461572,0.9490909090909091,0.7380434782608696,0.8205128205128205,0.5711450506273879,0.9880075344178048,0.08221313477166,20.818793497938447,0.5967464401727558,0.6545863982169612,1.0,1.0,1.0
210,delay_fraction,0.0,3.843085341463371e-14,0.9999999999999999,1.8588316940783548e-28,277.3075993117596,0.9999999999999531,2.3771513642500624e-14,1.0,1.0,1.0,3.84308534146337e-14,0.9999999999999999,1.8588316940783548e-28,277.3075993117596,0.9999999999999531,2.3771513642500624e-14,1.0,1.0,1.0,3.84308534146337e-14,0.9999999999999999,1.8588316940783548e-28,277.3075993117596,0.9999999999999531,2.3771513642500624e-14,1.0,1.0,1.0
210,delay_fraction,1e-08,3.920058816843462e-06,0.9999999999970306,1.7443896731775222e-12,119.00310646961125,0.9999920972513078,4.832857290333211e-06,1.0,1.0,1.0,2.6867280628733244e-06,0.9999999999896959,2.9205340930834865e-13,113.124504414107,0.999986355094544,2.9179554565566646e-06,1.0,1.0,1.0,5.693082992492436e-06,0.9999999999996433,4.870232301906984e-12,125.34539816552291,0.9999956118309153,7.707603313477167e-06,1.0,1.0,1.0
210,delay_fraction,3e-08,1.1414167460575264e-05,0.9999999999752869,1.4743115172518725e-11,109.71608216113229,0.9999773401405867,1.3968783748541189e-05,1.0,1.0,1.0,7.123141399318377e-06,0.9999999999203701,2.5297514813167593e-12,104.23173139952594,0.999962141206747,7.804854507290285e-06,1.0,1.0,1.0,1.6250860329120755e-05,0.9999999999972505,3.774225069840215e-11,115.96991591988368,0.9999884323365194,2.2461898620795265e-05,1.0,1.0,1.0
210,delay_fraction,1e-07,3.987038068405284e-05,0.9999999996976336,1.787541030529744e-10,98.77967730664386,0.9999195792662777,4.944075282402895e-05,1.0,1.0,1.0,2.6996271788352292e-05,0.9999999990136027,3.826342555619432e-11,93.06254153805973,0.9998686908376335,2.9961470486387808e-05,1.0,1.0,1.0,5.604173571385117e-05,0.9999999999593119,4.940333577961546e-10,104.17216435010866,0.9999521676793783,7.366085268953669e-05,1.0,1.0,1.0
210,delay_fraction,3e-07,0.00011900869486592071,0.9999999974065277,1.6132015041317794e-09,89.33142309828247,0.999771871240834,0.00014173636587119212,1.0,1.0,1.0,7.358133983967353e-05,0.99999999073055,2.7476478913959907e-10,83.62148088017224,0.9996424020517126,8.138407716012592e-05,1.0,1.0,1.0,0.00017392091295539774,0.9999999997061223,4.344052342054797e-09,95.61064507089411,0.9998710303059315,0.0002156879157064248,1.0,1.0,1.0
210,delay_fraction,1e-06,0.00039429929018271236,0.9999999691315853,1.8899133329840382e-08,78.92582670262838,0.9992253040751194,0.00047804710975784203,1.0,1.0,1.0,0.0002496187248048105,0.999999885579412,2.3645877399145476e-09,72.97020789717206,0.9986654204749298,0.00027091703241093886,1.0,1.0,1.0,0.0005978657685594611,0.9999999969172636,5.046677978251995e-08,86.26245818090183,0.9995663766750467,0.0007842339829141356,1.0,1.0,1.0
210,delay_fraction,3e-06,0.001157064366306822,0.9999997306457427,1.5928113807548652e-07,69.56068678627288,0.9977642580057957,0.0014137262367879785,1.0,1.0,1.0,0.0007599659630216017,0.9999990601846175,2.115155356205256e-08,63.77045014002824,0.9965423864979471,0.0008663847764286923,1.0,1.0,1.0,0.0016180856898626362,0.9999999731297102,4.19725025463858e-07,76.74660141753748,0.9987507970075288,0.0021767701669747294,1.0,1.0,1.0
210,delay_fraction,1e-05,0.0039613338255148674,0.9999969822549915,1.8072144925633378e-06,58.70434453886037,0.992238216559807,0.0048123259486915265,1.0,1.0,1.0,0.002726093970006495,0.9999897828555699,3.731173823531455e-07,53.66469389810859,0.9869220559301969,0.002828027602363305,1.0,1.0,1.0,0.005801357138705086,0.9999996362742415,4.300625302144681e-06,64.28606235915738,0.9957489197473628,0.007683896734926787,1.0,1.0,1.0
210,delay_fraction,3e-05,0.011721819788249084,0.9999768305927662,1.5363790323140047e-05,49.40479942845738,0.9766308103289977,0.014490765341263569,1.0,1.0,1.0,0.0074601410934116725,0.999933094015138,3.0938697290940553e-06,44.06686284678414,0.9601805205190694,0.008473849962456585,1.0,1.0,1.0,0.017972001824931323,0.9999968669439209,3.920253316230541e-05,55.0965429873178,0.9867409949740933,0.02394995056968926,1.0,1.0,1.0
210,delay_fraction,0.0001,0.03938331417147564,0.9996995725271399,0.0001837418272569855,38.77374503532025,0.9218655801428018,0.047813957990404485,1.0,1.0,1.0,0.026590649401941974,0.998978852415074,2.7539809257649267e-05,33.07939270003557,0.875888486014146,0.030419475440120185,1.0,1.0,1.0,0.05615871073905974,0.9999667799597102,0.0004921105576346417,45.600407975086284,0.9571803895757547,0.07522831701351676,1.0,1.0,1.0
210,delay_fraction,0.0003,0.11776147725840158,0.9971173722242377,0.0017479441318657815,29.298035570299604,0.7745676910193936,0.14098101480407138,1.0,0.9989130434782609,0.9994493284493285,0.07779285925043253,0.9887718429793302,0.00021863699040294433,22.80959009228229,0.6653417873337834,0.08537680743814675,1.0,1.0,1.0,0.1763556109973376,0.9997046605438098,0.00523805586322432,36.602782835338225,0.869475135410096,0.20755895564060942,1.0,1.0,1.0
210,delay_fraction,0.001,0.35583476546197157,0.9770414614937326,0.018766294958770226,18.49841132194245,0.40981370588071064,0.40877424219116704,0.9905996564429406,0.894891304347826,0.9392658048506882,0.23184255012187271,0.9333840651335243,0.0036966147249030312,13.6153715206817,0.23370317644138947,0.2446072575394032,0.9533139534883721,0.782608695652174,0.8671196413561222,0.4886842755085391,0.9972008362597123,0.04349736637489112,24.321979334356474,0.6096286727802002,0.5928095453949209,1.0,0.9782608695652174,0.989010989010989
2310,coefficient_phase,0.0,4.4967613485605334e-13,0.9999999999999997,1.3621123460888816e-26,258.6578707063596,0.9999999999993342,3.924435066641724e-13,1.0,1.0,1.0,4.4967613485605334e-13,0.9999999999999996,1.3621123460888816e-26,258.6578707063596,0.9999999999993343,3.924435066641724e-13,1.0,1.0,1.0,4.4967613485605334e-13,0.9999999999999996,1.3621123460888816e-26,258.6578707063596,0.9999999999993343,3.924435066641724e-13,1.0,1.0,1.0
2310,coefficient_phase,0.0001,0.0001828118900847734,0.9999999862568199,3.0025937159737915e-09,86.22858242827331,0.9997038315711679,0.00018340669739451976,1.0,1.0,1.0,0.0001454696840840318,0.9999999627359014,8.637589420263958e-10,82.7469166148585,0.9996274189822664,0.00015762394199194174,1.0,1.0,1.0,0.0002205553154922734,0.9999999976344769,5.350561397686299e-09,90.63794635002526,0.9997491112782116,0.0002205535944477277,1.0,1.0,1.0
2310,coefficient_phase,0.0003,0.0005549439381588438,0.9999998464665987,2.780145499311751e-08,76.52941351726517,0.9990656572841369,0.0005702634236036053,1.0,1.0,1.0,0.0004275744439235597,0.9999995841803637,8.2223538993211e-09,71.65713607207996,0.9987564237399699,0.00046335570469468795,1.0,1.0,1.0,0.0007175543394222338,0.9999999786393458,6.843394308552919e-08,80.85137517328243,0.9992386582333169,0.0007190029505358929,1.0,1.0,1.0
2310,coefficient_phase,0.001,0.0018232700070853509,0.9999988425725157,2.6179794872073467e-07,66.67344603592343,0.9969266190716967,0.0018680783132526146,1.0,1.0,1.0,0.0013930865715086015,0.9999973257893007,7.375568224533867e-08,63.18101814544947,0.9960405514832974,0.0015390487706031823,1.0,1.0,1.0,0.0022019432321989966,0.9999997557433776,4.813409446892376e-07,71.3291069302762,0.9974511034483884,0.0023107787090960877,1.0,1.0,1.0
2310,coefficient_phase,0.003,0.005306546580024138,0.9999902912218255,2.226743048490613e-06,57.41238496620848,0.9907046917551883,0.005604022317679991,1.0,1.0,1.0,0.004142827060409821,0.9999713925313245,6.68367671601018e-07,52.93331559288491,0.9876165426380226,0.0045020881891296325,1.0,1.0,1.0,0.006961848422022149,0.9999986925395683,5.0945714051737364e-06,61.7585636879907,0.9926650126256421,0.007049487228868986,1.0,1.0,1.0
2310,coefficient_phase,0.01,0.018558595037210017,0.9998570571048516,2.8223262093440854e-05,46.313689612288115,0.9691980776288494,0.01902993289904203,1.0,1.0,1.0,0.014156727416701435,0.9996282800952764,5.596023779540251e-06,42.60552831863931,0.9618758789734789,0.015168462807267821,1.0,1.0,1.0,0.022769912620438,0.9999759317055679,5.4885170015325495e-05,52.52474407772022,0.976538465038789,0.02296459907530612,1.0,1.0,1.0
2310,coefficient_phase,0.03,0.053751058691540086,0.9989247223745185,0.00022615672761925817,37.12191248567511,0.9079786801750478,0.05712829482261452,1.0,1.0,1.0,0.0445900600244157,0.9973128571466747,9.276366444102613e-05,33.294539779880424,0.8826401632559595,0.050051736151228245,1.0,1.0,1.0,0.06510037431633191,0.999853771136423,0.00046832466551732744,40.338071178186546,0.9235927537562363,0.07241959093740832,1.0,1.0,1.0
2310,coefficient_phase,0.1,0.18199733362189535,0.9865796212362008,0.003075165254150406,26.11392300717508,0.729882240126239,0.1839638849623398,1.0,0.999927113702624,0.999963503649635,0.14206969311164572,0.9534653374573386,0.000849218389729795,21.296793752553885,0.6679038600549227,0.153831262304035,1.0,1.0,1.0,0.2431666391475224,0.9981205073750273,0.007422516590124449,30.70990072295804,0.7712885898091777,0.22962982705103507,1.0,1.0,1.0
2310,coefficient_phase,0.3,0.49002850943972137,0.9219815834022732,0.02509376301646451,17.161357598551614,0.3470544485687854,0.5830718094838354,0.9821878811069487,0.8274781341107872,0.8963364111413672,0.3909210160941741,0.746522251425349,0.005819449428378345,12.59480088648452,0.22719921904835527,0.44505518164110985,0.9461688027166173,0.6877551020408164,0.8079478352339287,0.5985162007183801,0.9870198634157011,0.05524565061818559,22.354719978582683,0.43452360358183684,0.7320444473643568,1.0,0.9103498542274051,0.9530684709692343
2310,delay_fraction,0.0,4.4967613485605334e-13,0.9999999999999997,1.3621123460888816e-26,258.6578707063596,0.9999999999993342,3.924435066641724e-13,1.0,1.0,1.0,4.4967613485605334e-13,0.9999999999999996,1.3621123460888816e-26,258.6578707063596,0.9999999999993343,3.924435066641724e-13,1.0,1.0,1.0,4.4967613485605334e-13,0.9999999999999996,1.3621123460888816e-26,258.6578707063596,0.9999999999993343,3.924435066641724e-13,1.0,1.0,1.0
2310,delay_fraction,1e-08,5.123222100891744e-05,0.9999999996164197,1.5282465666942106e-10,99.32344099715036,0.9998907093435235,6.527021241988996e-05,1.0,1.0,1.0,3.9843119127958025e-05,0.9999999988288596,3.140701911325004e-11,94.37645553890967,0.9998584891658983,4.668076625753362e-05,1.0,1.0,1.0,6.683740067554802e-05,0.9999999999661757,3.650525437530456e-10,105.04017359752667,0.9999210942769097,8.391215109634624e-05,1.0,1.0,1.0
2310,delay_fraction,3e-08,0.00015675680298882683,0.9999999974175408,1.3056206856097044e-09,89.8556405541302,0.9996516013383804,0.00020623179180236732,1.0,1.0,1.0,0.00011769903700280327,0.9999999896043833,3.865245892706707e-10,85.24690225582718,0.9995482748505031,0.0001533952573539162,1.0,1.0,1.0,0.00020720135262521048,0.9999999995453314,2.9876199893828974e-09,94.1893987090758,0.9997502109906443,0.000258749386624363,1.0,1.0,1.0
2310,delay_fraction,1e-07,0.0005128389363219475,0.9999999695802224,1.4435838463097704e-08,79.18123389427107,0.9988818014707231,0.0006583827985714813,1.0,1.0,1.0,0.00039946840991455113,0.9999999100152278,4.6912608354317216e-09,75.17997113675207,0.9985186296388043,0.00046899421899378906,1.0,1.0,1.0,0.0006920079769025943,0.9999999940384998,3.034931117773604e-08,83.29200491215353,0.9992261946385297,0.0008709778221971912,1.0,1.0,1.0
2310,delay_fraction,3e-07,0.0014923608846397515,0.9999997263411297,1.1768460837927662e-07,70.10238347547052,0.9967510510046136,0.0019002725800474113,1.0,1.0,1.0,0.0012289771003945237,0.9999991412822201,4.39072199859843e-08,65.31162643639428,0.9958231877709125,0.0014369515234056974,1.0,1.0,1.0,0.001919449614603976,0.9999999749228712,2.94331933401039e-07,73.5758545145859,0.9976294464867382,0.002430913013286273,1.0,1.0,1.0
2310,delay_fraction,1e-06,0.005316809900290885,0.9999965095103617,1.6497200172929632e-06,59.08649493242842,0.9891706209312454,0.006547025680038533,1.0,1.0,1.0,0.0037691894296209335,0.9999878824856603,3.6780714867521887e-07,54.0197905293176,0.9822499424790101,0.00502483533352999,1.0,1.0,1.0,0.007503670021758128,0.9999994049488956,3.964280808317888e-06,64.34387189287249,0.9917554374269063,0.01012664632085454,1.0,1.0,1.0
2310,delay_fraction,3e-06,0.01530683663751301,0.9999724018112672,1.2551520356995806e-05,50.14969469961855,0.9660922723526271,0.02003991651370298,1.0,1.0,1.0,0.011966997249305363,0.9999198331113528,2.3311133436442624e-06,45.06493665369689,0.9527191643998282,0.01519760819541462,1.0,1.0,1.0,0.019108582397426552,0.999996433397881,3.118695947019073e-05,56.32858571601073,0.9762906092091885,0.02647079154326147,1.0,1.0,1.0
2310,delay_fraction,1e-05,0.052338915655815374,0.9996008412052882,0.0001704537959810748,39.22332521171629,0.8915633561928928,0.06548474560354586,1.0,1.0,1.0,0.04198844571181639,0.9989217497634083,1.9324524721958287e-05,33.7720574471185,0.8356589516023245,0.048131286044604746,1.0,1.0,1.0,0.07310241797316516,0.9999608764757266,0.00042056813511408286,47.138982117712445,0.9183245944806498,0.1010242799121206,1.0,1.0,1.0
2310,delay_fraction,3e-05,0.15981753821534103,0.9958561282097165,0.0016895828498667386,28.8831969451806,0.6898784151449047,0.19555005129315362,1.0,0.9925655976676385,0.9962141738105575,0.12180350138402411,0.986035320923447,0.0003635800797084132,23.171203729878393,0.5641384836621615,0.14505276340528797,1.0,0.9788629737609329,0.9893159778518769,0.2244452981486129,0.9997021032368094,0.004818177168151166,34.395903627219916,0.7629386392108484,0.2602967788277823,1.0,1.0,1.0
2310,delay_fraction,0.0001,0.42616107277044313,0.9815584145444273,0.012359396512155077,19.75636703944435,0.29220313271172504,0.5701855155228297,0.9897227953850264,0.8448250728862974,0.9111650668334402,0.33182538359145214,0.9452214756983981,0.004193283639869018,15.661510155574396,0.19525507821007596,0.4482281474737696,0.9363208487452657,0.7899416909620991,0.8719578167225879,0.5394300285965771,0.9972345034476688,0.027174499877446526,23.775023225935477,0.39954376245084305,0.7128874686883548,1.0,0.9017492711370262,0.9483324631249184
2310,delay_fraction,0.0003,0.7805831933463401,0.9135809308033416,0.0986480234315559,10.54686940742402,0.055128758065750315,1.0707213016924808,0.7165071024066317,0.6004373177842566,0.6517543111500251,0.6731773864421519,0.8312376000631153,0.0431312790582619,7.070981402300751,0.011111424270908039,0.8535694731663315,0.5068495885627491,0.5040816326530613,0.5198839009287926,0.8763607989561031,0.9913068143733587,0.19631084596107115,13.668481886047035,0.11331390506377362,1.3051715503165098,0.8557126172928998,0.6940233236151603,0.7665137785336557
2310,delay_fraction,0.001,0.9482998384037898,0.7637157605094985,0.3816150185700674,4.428963209002517,0.004749296063847437,1.7974202239909753,0.29682394657481226,0.389067055393586,0.3336401627414293,0.9002489853293756,0.6010567016301646,0.17090312338214161,2.4415144923701577,0.00024152237873944485,1.527238419578618,0.21217615673926354,0.33994169096209914,0.2627772666278862,0.9729453522022575,0.8983487343696779,0.569973488329261,7.6725928136168795,0.02168840410381787,2.2408856783100286,0.47967523400734335,0.4521865889212828,0.45491654163540884
